name,county
Adams 12 Five Star Schools District,adams
Adams County School District 14,adams
Adams County School District 50,adams
Adams-Arapahoe School District 28J,adams-arapahoe
Aims Junior College District,
Apex Park and Recreation Special District,
Arapahoe Library District,arapahoe
Arista Local Improvement District,
Arvada Fire Protection District,
Aspen Park Special District,
Aurora Public Library General Improvement District,
Aurora Public Schools,
Aurora Public Schools 28J,
Bancroft-Clover Water and Sanitation Special District,
Bennett Bear Creek Farms Water and Sanitation District,
Bennett Park and Recreation District,
Bennett School District,
Bennett School District 29J,
Blue Mountain Water District,
Boulder Rural Fire Protection District,
Boulder Valley School District,
Bow Mar Water and Sanitation District,
Brighton School District 27J,
Brook Forest Water District,
Byers School District,
Byers School District 32J,
Carriage Place General Improvement District,
Cherry Creek School District,
Cherry Creek School District No. 5,
Cherry Hills Heights Water and Sanitation District,
Coal Creek Parks & Recreation District,
Columbine Knolls Grove Metro Recreation District,
Columbine Water and Sanitation District,
Deer Trail School District 26J,
Denver Public Schools,
Douglas County School District,
Douglas County School District RE1,
Elk Creek Fire Protection District,
Elk Creek Fire Protection Special District,
Englewood School District,
Estes Park School District R-3,
Estes Valley Recreation and Park District,
Evergreen Metropolitan Special District,
Evergreen Parks and Recreation Special District,
Foothills Park and Recreation Special District,
Green Mountain Water and Sanitation Special District,
Heritage Greens Metropolitan District,
Indian Hills Fire Protection District,
Jefferson County Public Library,
Jefferson County School District,
Jefferson County School District R-1,
Ken-Caryl Ranch Water and Sanitation Special District,
Kittredge Sanitation and Water Special District,
Larkspur Fire Protection District,
Littleton Public Schools District,
Lyons Ridge Metropolitan Metropolitan District,
Mapleton Public Schools,
Mapleton School District 1,
Mission Viejo Library General Improvement District,
Mount Vernon Country Club Metropolitan District,
Mountain View Fire Protection District,
North Range Village Metropolitan District,
Northwest Lakewood Sanitation District,
Parker Water and Sanitation District,
Pawnee School District Re-12,
Pier Point 7 General Improvement District,
Platte Valley School District Weld Re-7,
Prospect Recreation and Park District,
Roxborough,
Sheridan School District,
Smoky Hill Metropolitan District,
South Adams County Fire Protection District No. 4,
St. Vrain Valley School District,
Strasburg Metropolitan Parks and Recreation District,
Strasburg School District,
Strasburg School District 31J,
Sunshine Fire Protection District,
Thompson School District R2-J,
Thunderbird Water and Sanitation District,
Trailmark Metro Special District,
Upper Bear Creek Water and Sanitation Special District,
Ute Pass Regional Health Service District,
Weld County School District 6,
Weld County School District RE-3J,
Weld County School District RE-8,
Weld RE-10J Briggsdale Schools,
Weld-Larimer County Schools RE-5J,
West Jefferson County Metropolitan Special District,
Westminster Public Schools,
Wiggins School District RE-50J,
